title,star,quote,Link
龙猫 / となりのトトロ / 邻居托托罗  /  邻家的豆豆龙,9.2,['人人心中都有个龙猫，童年就永远不会消失。'],https://movie.douban.com/subject/1291560/
末代皇帝 / The Last Emperor / 末代皇帝溥仪(港),9.3,['“不要跟我比惨，我比你更惨”再适合这部电影不过了。'],https://movie.douban.com/subject/1293172/
寻梦环游记 / Coco / 玩转极乐园(港)  /  可可夜总会(台),9.1,['死亡不是真的逝去，遗忘才是永恒的消亡。'],https://movie.douban.com/subject/20495023/
活着 / 人生  /  Lifetimes,9.3,['张艺谋最好的电影。'],https://movie.douban.com/subject/1292365/
蝙蝠侠：黑暗骑士 / The Dark Knight / 蝙蝠侠前传2：黑暗骑士  /  黑暗骑士(台),9.2,['无尽的黑暗。'],https://movie.douban.com/subject/1851857/
哈利·波特与魔法石 / Harry Potter and the Sorcerer's Stone / 哈利波特1：神秘的魔法石(港 / 台) ,9.2,['童话世界的开端。'],https://movie.douban.com/subject/1295038/
指环王3：王者无敌 / The Lord of the Rings: The Return of the King / 魔戒三部曲：王者再临(台 / 港) ,9.3,['史诗的终章。'],https://movie.douban.com/subject/1291552/
乱世佳人 / Gone with the Wind / 飘,9.3,['Tomorrow is another day.'],https://movie.douban.com/subject/1300267/
素媛 / 소원 / 许愿  /  希望：为爱重生(台),9.3,['受过伤害的人总是笑得最开心，因为他们不愿意让身边的人承受一样的痛苦。'],https://movie.douban.com/subject/21937452/
飞屋环游记 / Up / 冲天救兵(港)  /  天外奇迹(台),9.1,['最后那些最无聊的事情，才是最值得怀念的。 '],https://movie.douban.com/subject/2129039/
我不是药神 / 中国药神  /  印度药神,9.0,['对我们国家而言，这样的电影多一部是一部。'],https://movie.douban.com/subject/26752088/
何以为家 / كفرناحوم / 迦百农  /  星仔打官司(港),9.1,['凝视卑弱生命，用电影改变命运。'],https://movie.douban.com/subject/30170448/
摔跤吧！爸爸 / Dangal / 我和我的冠军女儿(台)  /  打死不离3父女(港),9.0,['你不是在为你一个人战斗，你要让千千万万的女性看到女生并不是只能相夫教子。'],https://movie.douban.com/subject/26387939/
十二怒汉 / 12 Angry Men / 12怒汉  /  十二怒汉,9.4,['1957年的理想主义。 '],https://movie.douban.com/subject/1293182/
哈尔的移动城堡 / ハウルの動く城 / 哈尔移动城堡(港)  /  霍尔的移动城堡(台),9.1,['带着心爱的人在天空飞翔。'],https://movie.douban.com/subject/1308807/
鬼子来了 / Devils on the Doorstep,9.3,['对敌人的仁慈，就是对自己残忍。'],https://movie.douban.com/subject/1291858/
少年派的奇幻漂流 / Life of Pi / 少年Pi的奇幻漂流  /  漂流少年Pi,9.1,['瑰丽壮观、无人能及的冒险之旅。'],https://movie.douban.com/subject/1929463/
猫鼠游戏 / Catch Me If You Can / 逍遥法外  /  捉智双雄(港),9.1,['骗子大师和执著警探的你追我跑故事。 '],https://movie.douban.com/subject/1305487/
让子弹飞 / 让子弹飞一会儿  /  火烧云,9.0,['你给我翻译翻译，神马叫做TMD的惊喜。'],https://movie.douban.com/subject/3742360/
大话西游之月光宝盒 / 西遊記第壹佰零壹回之月光寶盒 / 西游记101回月光宝盒  /  齐天大圣东游记,9.0,['旷古烁今。'],https://movie.douban.com/subject/1299398/
钢琴家 / The Pianist / 钢琴战曲(港)  /  战地琴人(台),9.3,['音乐能化解仇恨。'],https://movie.douban.com/subject/1296736/
海蒂和爷爷 / Heidi / 飘零燕(港)  /  海蒂,9.3,['如果生活中有什么使你感到快乐，那就去做吧！不要管别人说什么。'],https://movie.douban.com/subject/25958717/
天空之城 / 天空の城ラピュタ / 天空之城拉普他  /  空中城堡拉普他,9.2,['对天空的追逐，永不停止。 '],https://movie.douban.com/subject/1291583/
指环王2：双塔奇兵 / The Lord of the Rings: The Two Towers / 魔戒二部曲：双城奇谋  /  指环王II：双塔,9.2,['承前启后的史诗篇章。'],https://movie.douban.com/subject/1291572/
闻香识女人 / Scent of a Woman / 女人香  /  女人的芳香,9.1,['史上最美的探戈。'],https://movie.douban.com/subject/1298624/
